방송사,카테고리,내용요약
SBS,정치,"헌법재판소는 윤석열 전 대통령의 파면을 결정하며, 그의 비상계엄 선포가 헌법을 중대하게 위반했다고 판단했습니다. 이는 한국 민주주의의 중요한 순간으로 평가받고 있으며, 정치권은 사회 통합을 위해 노력해야 한다는 의견이 나왔습니다."
SBS,사회,"헌재의 결정은 사회적 갈등을 해소하는 계기가 될 수 있으며, 시민들은 탄핵을 찬성하는 집회를 열었습니다. 비폭력 저항이 헌정 질서와 민주주의를 지켜냈다는 평가를 받았으며, 사회 원로들은 일상으로 돌아가야 한다고 강조했습니다."
SBS,국제,"전 세계 언론은 윤 전 대통령의 파면 소식을 긴급 속보로 전하며, 한국 민주주의의 중요한 순간으로 평가했습니다. 미국은 헌재 결정을 존중한다는 입장을 밝혔으며, 일본과 중국은 한국의 정치 변화에 주목하고 있습니다."
SBS,경제,"윤 전 대통령의 파면으로 인해 경제 회복과 국가 정상화를 바라는 시민들의 기대가 높습니다. 한국은 리더십 공백 속에서 경제적 도전에 직면해 있으며, 미국으로부터 25%의 관세를 부과받을 예정입니다. 이러한 경제적 상황은 정치적 혼란과 맞물려 있습니다."
SBS,기타,"헌재의 결정은 제왕적 대통령제의 문제점을 지적하며, 윤 전 대통령은 최소한의 경호와 경비만 제공받고 국립묘지에 안장될 자격도 상실했습니다. 서울 여의도 윤중로에서 벚꽃이 개화했으며, 내일 전국에 비 예보가 있습니다."
JTBC,정치,"헌법재판소는 윤석열 전 대통령의 파면을 결정하며, 이는 비상계엄 선포와 국회의원 체포 시도 등 헌법 위반을 이유로 들었습니다. 윤 전 대통령의 파면으로 형사상 불소추 특권을 잃게 되었고, 다양한 수사에 속도가 붙을 것으로 보입니다. 국회는 김건희 여사 관련 의혹에 대한 상설특검안을 통과시켰습니다."
JTBC,사회,"시민들은 헌법재판소의 판결을 긴장 속에 지켜보았고, 파면 결정에 다양한 반응을 보였습니다. 윤 전 대통령의 파면으로 전직 대통령으로서의 예우가 제한되며, 경호는 최대 10년간 유지될 수 있습니다. 카카오톡 메시지 전송량이 폭증하여 서비스가 일시 중단되기도 했습니다."
JTBC,국제,"윤석열 전 대통령의 파면 소식은 CNN을 통해 전 세계에 전해졌으며, 외신들은 이를 한국 민주주의의 중요한 순간으로 평가했습니다. 미국과 일본의 반응이 주목되며, 미국은 신중한 태도를 유지하고 있습니다."
JTBC,경제,"윤 전 대통령의 파면으로 전직 대통령으로서의 연금과 예우를 받을 수 없게 되었으며, 이는 경제적인 손실로 이어질 수 있습니다. 김건희 여사와 관련된 주가 조작 의혹이 수사 대상으로 포함되어 있으며, 트럼프 대통령의 관세 정책으로 인해 미국 증시가 하락하고 한국 경제에도 영향을 미쳤습니다."
JTBC,기타,"헌법재판소의 판결은 헌법과 민주주의의 가치를 재확인하는 계기가 되었으며, JTBC는 탄핵 심판 과정을 조명하는 특집 다큐멘터리를 준비 중입니다. 전국적으로 비가 내릴 예정이라는 기상 소식도 전해졌습니다."
KBS,정치,"헌법재판소는 윤석열 전 대통령의 탄핵을 인용하여 파면을 결정했습니다. 이는 헌정 사상 두 번째 대통령 파면 사례로, 윤 전 대통령이 헌법 수호의 책무를 저버렸다고 판단되었습니다. 국민의힘은 중도 지지층 확장을 위해 거리 두기를 고려하고 있으며, 개헌론과 정당 간 연대 가능성이 주목받고 있습니다."
KBS,사회,"헌재의 결정은 국민과 시민의 힘으로 민주주의와 헌법을 지켜냈다는 평가를 받았습니다. 대선에서 민주당 이재명 대표의 독주가 예상되지만, 보수와 진보 진영의 결집으로 팽팽한 대결이 될 가능성이 있습니다. 울산 울주군 산불에 대한 경찰 수사가 진행 중이며, 울산시는 피해자에게 공공임대주택을 무상 제공할 계획입니다."
KBS,국제,"윤 전 대통령의 파면은 해외 언론에 의해 긴급 보도되었으며, 주요국 정부들이 한국의 정치 상황에 주목하고 있습니다. 미국의 관세 발표에 중국은 보복 관세를 부과하며, 유럽연합도 보복 관세를 검토 중입니다."
KBS,경제,"원달러 환율이 하락하며 긍정적 흐름을 보이고 있지만, 미국 관세가 주요 변수가 될 것으로 예상됩니다. 미국의 관세 여파로 주식 시장이 폭락하고, 스테이플레이션 우려가 제기되고 있습니다. 중국의 추가 관세 부과는 무역 전쟁의 전면전으로 번질 가능성이 있습니다."
KBS,기타,"윤석열 전 대통령은 파면 선고 이후 지지자들에게 감사와 사과의 뜻을 전했습니다. 산불로 인한 지반 약화로 산사태 위험이 커질 수 있으며, 경북 5개 시군을 대상으로 사방 시설 설치를 위한 긴급 조사가 진행 중입니다. 중부지방과 남부지방에 비가 내릴 예정입니다."
MBC,정치,"윤석열 전 대통령이 헌법재판소에 의해 헌법과 법률 위반으로 파면되었습니다. 이는 헌정사상 두 번째 사례로, 대통령도 법 위에 군림할 수 없다는 헌법 정신을 재확인한 사건입니다. 파면 결정은 만장일치로 이루어졌으며, 윤 전 대통령은 불소추 특권을 잃고 형사 처벌을 받을 수 있는 상황에 놓였습니다. 조기 대선이 시작되었고, 여야는 후보 선출을 위한 경선 준비에 착수했습니다."
MBC,사회,"시민들은 헌재의 파면 결정에 안도하며, 서울시청 앞에서 촛불 문화재를 열고 민주주의를 수호한 대한국민으로서 자축 행사를 진행하고 있습니다. 윤 전 대통령의 파면 과정에서 시민들의 저항이 중요한 역할을 했으며, 파면 이후 전직 대통령으로서의 혜택이 박탈되었습니다. 사회적 불안과 불신이 커졌으나, 헌재의 결정은 시민들의 상식과 부합하는 결과로 평가받았습니다."
MBC,국제,외신들은 윤 전 대통령의 파면을 한국 민주주의 역사의 중요한 이정표로 평가했습니다. 트럼프 대통령의 상호 관세 발표로 무역 긴장이 고조되고 있습니다.
MBC,경제,"윤 전 대통령의 파면으로 전직 대통령으로서의 연금 혜택이 박탈되었습니다. 경제부총리의 탄핵소추안이 국회 법사위로 보내져 추가 논의될 예정입니다. 윤 전 대통령과 관련된 주가 조작 의혹 수사가 속도를 낼 전망입니다. 트럼프 대통령의 관세 정책으로 한국의 대미 수출 품목들이 타격을 받고 있으며, 금융 외환시장의 불안정성이 해소되었습니다."
MBC,기타,"과거의 민주화 운동이 현재의 민주주의를 지키는 데 기여했다는 평가가 나오며, 시민들은 민주주의가 시민의 힘으로 회복되었다고 느끼고 있습니다. 윤 전 대통령의 파면으로 조기 대선이 60일 이내에 치러질 예정이며, 그의 향후 행보가 대선에 영향을 미칠지 관심이 높습니다. 해외 네티즌들은 한국의 탄핵 절차에 큰 관심을 보였습니다."
MBN,정치,"헌법재판소는 윤석열 전 대통령의 탄핵을 만장일치로 결정했으며, 이는 비상개혐 선포 과정에서 헌법과 법률을 위반한 중대한 행위로 판단되었습니다. 윤 전 대통령의 정부는 2년 11개월 만에 막을 내렸고, 탄핵 이후 전직 대통령으로서의 예우를 상실했습니다. 조기 대선을 앞두고 민주당과 국민의힘 모두 대선 준비에 박차를 가하고 있습니다."
MBN,사회,"윤 전 대통령의 비상개혐 선포와 관련된 위헌, 위법 행위는 사회적 혼란을 초래했으며, 탄핵 반대 집회가 광화문광장에서 열리면서 사회적 갈등이 표면화되었습니다. 한덕수 권한대행은 사회 분열을 막기 위해 치안 관계장관 회의를 수시로 소집하며 엄정 대응을 계획하고 있습니다."
MBN,국제,외신들은 윤 전 대통령의 파면 소식을 긴급 타전하며 한국의 정치적 상황을 주목했습니다. 한덕수 권한대행은 미국발 관세전쟁 등 국제 현안 관리에도 전력을 다할 방침입니다.
MBN,경제,"윤 전 대통령의 파면으로 정치적 불확실성이 해소되면서 원달러 환율이 급락하고, 증시가 변동을 겪었습니다. 경제계는 경제 회복에 집중해야 한다고 강조하며, 긴급경제안보전략 TF회의를 중심으로 민관합동대응 대책을 지속적으로 마련할 계획입니다."
MBN,기타,"헌재는 비상개혐 선포 후 중앙선거관리위원회에 대한 개입이 선관위의 독립성을 침해했다고 판단했습니다. 조기 대선이 예정되어 있으며, 한덕수 대통령 권한대행이 이를 관리할 예정입니다. 내일 비와 함께 황사가 유입되어 흑비가 내릴 가능성이 있으며, 대기질이 악화될 전망입니다. 주말에는 낮 기온이 다시 올라 포근해질 것으로 예상됩니다."
채널A,정치,"윤석열 전 대통령이 헌법재판소의 만장일치 결정으로 파면되었으며, 한덕수 대통령 권한대행 체제에서 60일 안에 새 대통령을 선출해야 합니다. 민주당의 이재명 대표가 대표직에서 물러날 예정이며, 국민의힘은 대선 예비 후보 등록 절차를 시작합니다. 조기 대선이 확정되면서 선거 관련 규제가 강화되었습니다."
채널A,사회,"윤 전 대통령의 파면 이후 사회는 빠르게 정상화되고 있으며, 국회의원들은 비상계엄으로 인한 국민의 권리 피해를 지적했습니다. 헌법재판소 근처에서 찬반 집회가 있었으나 큰 충돌 없이 상황이 정상화되었습니다. 서울에 벚꽃이 피었고, 내일 전국에 비가 예상됩니다."
채널A,국제,"윤 전 대통령의 파면 소식이 국제적으로 큰 반향을 일으켰으며, 중국과 일본 등 주요 국가들의 반응이 다양하게 나타났습니다. 중국에서는 관련 소식이 큰 관심을 받았고, 한중 관계 개선에 대한 기대가 나타났습니다."
채널A,경제,"윤 전 대통령과 야당 간의 대립으로 2025년도 예산안이 국회에서 증액 없이 단독으로 의결되었습니다. 국민의힘은 경제 전문가 같은 깜짝 인사가 필요하다는 의견을 내고 있으며, 한국의 정치적 불안정성이 대미 외교와 경제 협상에 미칠 영향이 우려되고 있습니다. 탄핵 선고 직후 카카오톡이 일시적으로 오류를 빚었습니다."
채널A,기타,"헌법재판소는 법치와 민주국가의 기본 원칙을 어긴 정치 지도자에게 관용은 없다는 의지를 밝혔습니다. 윤 전 대통령의 탄핵 소식이 전해지면서 구글에서 관련 키워드 검색량이 급증했으며, SNS에서는 관련 게시물이 다수 올라왔습니다. 내일 아침 기온은 서울 7도, 강릉 9도가 예상되며, 중부 서해안에는 안개가 끼겠습니다."
